{
	"format_version": "1.8.0",
	"animations": {
		"idle": {
			"loop": true,
			"animation_length": 12.79167,
			"bones": {
				"flowers": {
					"rotation": {
						"0.0": {
							"vector": [0, 0, 0]
						},
						"2.7917": {
							"vector": [-2.52154, -7.49282, 0.32902]
						},
						"6.9167": {
							"vector": [0, 0, 0]
						},
						"10.125": {
							"vector": [0, 0, 0]
						}
					}
				},
				"mojo": {
					"rotation": {
						"0.0": {
							"vector": [0, 0, 0]
						},
						"1.0": {
							"vector": [-0.32902, -7.49282, 2.52154]
						},
						"2.0": {
							"vector": [-0.76368, 4.95934, -2.5687]
						},
						"2.9167": {
							"vector": [0, 0, 0]
						},
						"6.75": {
							"vector": [-1.39, -2.28599, 4.75662]
						},
						"8.25": {
							"vector": [-0.76368, 4.95934, -2.5687]
						},
						"10.0833": {
							"vector": [0, 0, 0]
						}
					},
					"position": {
						"vector": [0, 0, 0]
					},
					"scale": {
						"0.0": {
							"vector": [1, 1, 1]
						},
						"0.5": {
							"vector": [1, 0.95, 1]
						},
						"1.0417": {
							"vector": [1, 1, 1]
						},
						"1.5833": {
							"vector": [1, 0.95, 1]
						},
						"2.125": {
							"vector": [1, 1, 1]
						},
						"2.625": {
							"vector": [1, 0.95, 1]
						},
						"3.1667": {
							"vector": [1, 1, 1]
						},
						"3.7083": {
							"vector": [1, 0.95, 1]
						},
						"4.25": {
							"vector": [1, 1, 1]
						},
						"4.75": {
							"vector": [1, 0.95, 1]
						},
						"5.2917": {
							"vector": [1, 1, 1]
						},
						"5.8333": {
							"vector": [1, 0.95, 1]
						},
						"6.375": {
							"vector": [1, 1, 1]
						},
						"6.875": {
							"vector": [1, 0.95, 1]
						},
						"7.4167": {
							"vector": [1, 1, 1]
						},
						"7.9583": {
							"vector": [1, 0.95, 1]
						},
						"8.5": {
							"vector": [1, 1, 1]
						},
						"9.0": {
							"vector": [1, 0.95, 1]
						},
						"9.5417": {
							"vector": [1, 1, 1]
						},
						"10.0833": {
							"vector": [1, 0.95, 1]
						},
						"10.625": {
							"vector": [1, 1, 1]
						},
						"11.125": {
							"vector": [1, 0.95, 1]
						},
						"11.6667": {
							"vector": [1, 1, 1]
						},
						"12.2083": {
							"vector": [1, 0.95, 1]
						},
						"12.75": {
							"vector": [1, 1, 1]
						}
					}
				},
				"trunk": {
					"rotation": {
						"vector": [0, 0, 0]
					},
					"position": {
						"vector": [0, 0, 0]
					},
					"scale": {
						"0.0": {
							"vector": [1, 1, 1]
						},
						"0.5": {
							"vector": [1, 0.95, 1]
						},
						"0.9583": {
							"vector": [1, 1, 1]
						},
						"1.0833": {
							"vector": [1, 0.7, 0.8]
						},
						"1.25": {
							"vector": [1.6, 1, 1]
						},
						"1.4167": {
							"vector": [1, 1, 1]
						},
						"1.5833": {
							"vector": [1, 0.95, 1]
						},
						"2.125": {
							"vector": [1, 1, 1]
						},
						"2.625": {
							"vector": [1, 0.95, 0.8]
						},
						"3.1667": {
							"vector": [1, 1, 1]
						},
						"3.7083": {
							"vector": [1, 0.95, 0.8]
						},
						"4.25": {
							"vector": [1, 1, 1]
						},
						"4.75": {
							"vector": [1, 0.95, 0.8]
						},
						"5.2917": {
							"vector": [1, 1, 1]
						},
						"5.8333": {
							"vector": [1, 0.95, 0.8]
						},
						"6.375": {
							"vector": [1, 1, 1]
						},
						"6.875": {
							"vector": [1, 0.95, 0.8]
						},
						"7.375": {
							"vector": [1, 1, 1]
						},
						"7.5": {
							"vector": [1, 0.7, 0.8]
						},
						"7.6667": {
							"vector": [1.6, 1, 1]
						},
						"7.8333": {
							"vector": [1, 1, 1]
						},
						"8.125": {
							"vector": [1, 1, 1]
						},
						"8.625": {
							"vector": [1, 0.95, 0.8]
						},
						"9.1667": {
							"vector": [1, 1, 1]
						},
						"9.7083": {
							"vector": [1, 0.95, 0.8]
						},
						"10.25": {
							"vector": [1, 1, 1]
						},
						"10.75": {
							"vector": [1, 0.95, 0.8]
						},
						"11.2917": {
							"vector": [1, 1, 1]
						},
						"11.8333": {
							"vector": [1, 0.95, 0.8]
						},
						"12.375": {
							"vector": [1, 1, 1]
						}
					}
				}
			}
		},
		"walk": {
			"loop": true,
			"animation_length": 1,
			"bones": {
				"mojo": {
					"rotation": {
						"0.0": {
							"vector": [10, -15, -4]
						},
						"0.25": {
							"vector": [5, 2.60331, 1.28099],
							"easing": "easeInOutSine"
						},
						"0.4583": {
							"vector": [10, 15, 5],
							"easing": "easeInOutQuad"
						},
						"0.75": {
							"vector": [5, -1.15385, 0.15385],
							"easing": "easeInOutQuad"
						},
						"1.0": {
							"vector": [10, -15, -4],
							"easing": "easeInOutQuad"
						}
					},
					"position": {
						"0.0": {
							"vector": [0, -0.7, 0]
						},
						"1.0": {
							"vector": [0, -0.7, 0],
							"easing": "easeInOutQuad"
						}
					},
					"scale": {
						"0.0": {
							"vector": [1, 0.92, 1]
						},
						"0.4583": {
							"vector": [1, 1.05, 1],
							"easing": "easeInOutQuad"
						},
						"1.0": {
							"vector": [1, 0.92, 1],
							"easing": "easeInOutQuad"
						}
					}
				}
			}
		},
		"run": {
			"loop": true,
			"animation_length": 0.66667,
			"bones": {
				"mojo": {
					"rotation": {
						"0.0": {
							"vector": [27.5, 0, 0]
						},
						"0.1667": {
							"vector": [0, 0, -10]
						},
						"0.2917": {
							"vector": [-32.40109, 2.68407, 4.22005]
						},
						"0.375": {
							"vector": [-5, 0, 0]
						},
						"0.5417": {
							"vector": [7.43656, -0.9762, 7.43656]
						},
						"0.6667": {
							"vector": [27.5, 0, 0]
						}
					},
					"position": {
						"0.0": {
							"vector": [0, -2, 0]
						},
						"0.1667": {
							"vector": [0, 8, 0]
						},
						"0.2917": {
							"vector": [0, 4, -4]
						},
						"0.375": {
							"vector": [0, -1, -6]
						},
						"0.5417": {
							"vector": [0, 0, 0]
						},
						"0.6667": {
							"vector": [0, -2, 0]
						}
					},
					"scale": {
						"0.0": {
							"vector": [1, 0.9, 1]
						},
						"0.1667": {
							"vector": [1, 1.2, 1]
						},
						"0.2917": {
							"vector": [1, 1, 1]
						},
						"0.375": {
							"vector": [1, 0.8, 1]
						},
						"0.5417": {
							"vector": [1, 1, 1]
						},
						"0.6667": {
							"vector": [1, 0.9, 1]
						}
					}
				}
			}
		},
		"attack": {
			"animation_length": 0.625,
			"bones": {
				"mojo": {
					"rotation": {
						"0.0": {
							"vector": [0, 0, 0]
						},
						"0.0833": {
							"vector": [-1.66, -37.75, 15.46],
							"easing": "easeInOutSine"
						},
						"0.125": {
							"vector": [-2.21674, -50.33816, 20.60924],
							"easing": "easeInOutSine"
						},
						"0.2917": {
							"vector": [36.44813, 39.08571, -8.92383],
							"easing": "easeInOutBack"
						},
						"0.4167": {
							"vector": [30.37, 32.57, -7.44],
							"easing": "easeInOutSine"
						},
						"0.625": {
							"vector": [0, 0, 0],
							"easing": "easeInOutSine"
						}
					},
					"position": {
						"0.0": {
							"vector": [0, 0, 0]
						},
						"0.125": {
							"vector": [0, 1.16, -1.74],
							"easing": "easeInOutSine"
						},
						"0.2917": {
							"vector": [0, 4, -6],
							"easing": "easeInOutBack"
						},
						"0.4167": {
							"vector": [0, 3.33, -5],
							"easing": "easeInOutSine"
						},
						"0.625": {
							"vector": [0, 0, 0],
							"easing": "easeInOutSine"
						}
					},
					"scale": {
						"0.0": {
							"vector": [1, 1, 1]
						},
						"0.625": {
							"vector": [1, 1, 1],
							"easing": "easeInOutSine"
						}
					}
				}
			}
		},
		"misc.spawn": {
			"animation_length": 1,
			"bones": {
				"mojo": {
					"rotation": {
						"0.0": {
							"vector": [50, 720, 30]
						},
						"1.0": {
							"vector": [0, 0, 0],
							"easing": "easeInOutBack"
						}
					},
					"position": {
						"0.0": {
							"vector": [0, -13, 0]
						},
						"1.0": {
							"vector": [0, 0, 0],